编号,提供部门,数据项名称,数据项描述,数据项内容（包括但不仅限于）,领域
1,市经济和信息化委员会,“i-Shanghai”免费网络,本市具有“i-Shanghai”免费网络的场所信息,场所名称、行政区域、运营商、覆盖范围、客服电话等,公共服务
2,市经济和信息化委员会,加油站,本市加油站的相关信息,名称、地址、电话、价格、服务内容等,公共服务
3,市经济和信息化委员会,产业结构调整市重点项目,本市产业结构调整市重点项目的相关信息,产业名称、地址、所属行业、占地面积、调整方式,经济发展
4,市经济和信息化委员会,成品油批发和仓储企业,本市成品油批发和仓储企业的相关信息,企业名称、地址、邮编、企业性质、成品油批发/仓储经营许可证编号,经济发展
5,市经济和信息化委员会,企业技术中心认定,本市年度企业技术中心认定基本情况,认定总数、领域分布、区域分布,经济发展
6,市经济和信息化委员会,工业投资信息,本市工业投资规模、增速、结构数据,工业投资总量、增速、制造业、水电气供应业、各种所有制类型、重点行业投资总量、增速,经济发展
7,市经济和信息化委员会,节能服务机构,本市节能服务机构信息,机构名称、地址、服务时间、联系电话,能源与环境
8,市经济和信息化委员会,燃煤（重油）锅炉清洁能源替代受理点,本市燃煤（重油）锅炉清洁能源替代受理点信息,受理点名称、地址、服务时间、联系电话等,能源与环境
9,市经济和信息化委员会,化工、钢铁、有色金属、稀土产业主要企业,本市化工、钢铁、有色金属、稀土产业主要企业的基础信息,企业名称、地址、企业性质、主要产品等,经济发展
10,市经济和信息化委员会,创意产业集聚区,本市创意产业集聚区信息,集聚区名称、地址、主导产业、概况、入驻企业、服务平台、联系方式,经济发展
11,市经济和信息化委员会,集成电路设计企业,本市集成电路设计企业信息,企业名称、地址、主要产品、联系电话等,经济发展
12,市经济和信息化委员会,电子信息制造领域行业协会,本市电子信息制造领域行业协会相关信息,协会名称、地址、服务内容、联系电话、会员单位等,经济发展
13,市经济和信息化委员会,生产性功能服务区,本市生产性功能服务区信息,功能区名称、所在区县、四至范围、规划面积、批复设立时间、功能定位等,经济发展
14,市经济和信息化委员会,软件企业认定相关数据,本市认定的软件企业相关数据信息,企业名称、注册地址、企业性质、税务登记号、企业研发情况、联系电话等,经济发展
15,市经济和信息化委员会,软件产品登记,本市登记的软件产品相关数据,软件类型、应用领域、开发作者、检测部门、联系电话等,经济发展
16,市经济和信息化委员会,计算机信息系统集成资质企业,本市获得计算机信息系统集成资质企业名单,本市获得计算机信息系统集成资质企业名单,经济发展
17,市经济和信息化委员会,信息服务业产业基地,本市经过产业主管部门认定和定期复审的国家、市、区县信息服务业产业基地,基地全称、界域、运营管理机构及联系方式、主要领域类别,经济发展
18,市经济和信息化委员会,软件和信息服务业机构,本市相关行业协会、中心的相关信息,机构地址、电话、服务内容、行业信息等,经济发展
19,市经济和信息化委员会,供电服务机构,本市供电服务机构的信息,机构名称、地址、服务时间、服务内容、服务范围、联系电话等,经济发展
20,市经济和信息化委员会,电力供需平衡预测,本市电力供需平衡预测信息,本市日最高用电负荷、最高可用电力、预计电力供需平衡情况等预测信息,经济发展
21,市经济和信息化委员会,全社会用电量,本市全社会用电量信息,本市全社会月度用电量、分产业用电量等,经济发展
22,市经济和信息化委员会,工业园区,本市市级以上工业园区信息,园区名称、地址、类型、网址、联系电话等,经济发展
23,市经济和信息化委员会,重点中央在沪企业,重点中央在沪企业信息,企业名称、地址、联系电话等,经济发展
24,市经济和信息化委员会,法人网上身份统一认证网点,本市法人网上身份统一认证网点信息,网点地址、服务时间、联系电话等,公共服务
25,市经济和信息化委员会,信息安全服务机构推荐名单,本市信息安全服务机构推荐名单,机构名称、地址、联系电话等,公共服务
26,市经济和信息化委员会,电子政务领域国产信息安全产品使用排名,本市电子政务领域国产信息安全产品使用,产品类型、产商名称、应用数量等,公共服务
27,市经济和信息化委员会,信用服务机构备案信息,市征信办备案的信息用服务机构基本信息,备案编号、单位名称、地址、邮编、联系方式、联系人和负责人、主营业务、经营范围等,公共服务
28,市商务委员会,便民早餐网点,本市备案（登记）的早餐网点的相关信息,网点名称、地址、联系电话、营业时间、早餐品种等,公共服务
29,市商务委员会,标准化菜场,本市标准化菜场的相关信息,菜场名称、地址、所属区县、建筑面积、联系电话、营业时间、摊位设置情况、附近交通、主要菜品价格等,公共服务
30,市商务委员会,大卖场/超市/便利店网点,本市大卖场/超市/便利店网点的相关信息,网点名称、地址、联系电话、营业时间、附近交通等,公共服务
31,市商务委员会,活禽定点零售交易点,本市备案（登记）许可的活禽定点零售交易点的相关信息,网点名称、地址、所属区县、备案号（登记号）、联系电话、休市时间等,公共服务
32,市商务委员会,商务统计数据,本市月度/季度/年度的商务统计数据,社会消费品零售总额、商品销售总额、进出口总额、外商直接投资合同金额、外商直接投资合同项目、实际使用外资金额等,经济发展
33,市商务委员会,主副食品批发行情,本市主副食品、日用品等的批发价格信息,采样时间、采样地点、品种、规格、价格等,经济发展
34,市教育委员会,高等教育机构,本市高等教育机构的相关信息,机构名称、地址、类别、办学类型（公办或民办）、联系电话、院系设置等,教育科技
35,市教育委员会,基础教育机构,本市基础教育（包括小学、初中、特殊教育）机构的相关信息,机构名称、地址、类别、联系电话等,教育科技
36,市教育委员会,教育管理与服务机构,本市教育管理与服务机构的相关信息,机构名称、地址、机构类型、服务时间、服务内容/范围、联系电话等,教育科技
37,市教育委员会,学前教育机构,本市学前教育机构的相关信息,机构名称、地址、类别、联系电话等,教育科技
38,市教育委员会,职业教育机构,本市职业教育机构的相关信息,机构名称、地址、类别、联系电话等,教育科技
39,市教育委员会,中外合作办学机构/项目,本市中外合作办学机构和项目的相关信息,名称、地址、联系电话、许可证/批准书编号、中方合作者名称、外方合作者名称、专业设置、办学层次和类别、招生方式等,教育科技
40,市教育委员会,校外教育机构,本市校外教育机构的相关信息,机构名称、地址、联系电话、特色教育等,教育科技
41,市教育委员会,学生体质健康监测中心,本市学生体质健康监测中心的相关信息,名称、地址、联系电话等,教育科技
42,市科学技术委员会,大型科学仪器设施,本市大型科学仪器设施共享的相关信息,仪器名称、所属单位、主要功能、技术指标、仪器服务信息、联系电话等,教育科技
43,市科学技术委员会,技术创新服务平台,本市技术创新服务平台的相关信息,平台名称、平台简介、服务内容、依托单位、所属领域、服务项目、收费标准、联系电话等,教育科技
44,市科学技术委员会,科技管理与服务机构,本市科技管理与服务机构的信息,机构名称、地址、机构类型、服务时间、服务内容/范围、联系电话等,教育科技
45,市科学技术委员会,专业技术平台,本市专业技术平台的相关信息,平台名称、平台简介、依托单位、所属领域、服务项目、收费标准、主要仪器（可选）、联系电话等,教育科技
46,市公安局,出入境受理点,本市出入境受理点的相关信息,名称、地点、服务时间、服务内容/范围、联系电话、附近交通等,公共服务
47,市公安局,居民身份证拍照点,本市居民身份证拍照点的相关信息,名称、地点、服务时间、联系电话、附近交通等,公共服务
48,市公安局,车管所,本市车管所的相关信息,名称、地址、服务时间、服务内容/范围、联系电话、附近交通等,交通服务
49,市公安局,高架匝道关闭信息,本市城市高架匝道常态关闭的相关信息,关闭匝道名称、开始关闭时间、预计重新开放时间等,交通服务
50,市公安局,机动车交通违法受理点,本市机动车交通违法受理点的相关信息,名称、地点、工作时间、受理内容/范围、联系电话、附近交通等,交通服务
51,市公安局,交通事故理赔点,本市交通事故保险理赔服务中心的相关信息,名称、地点、服务时间、服务内容/范围、联系电话、附近交通等,交通服务
52,市公安局,交通事故自行协商处理便民服务点,本市交通事故自行协商处理便民服务点的相关信息,名称、地点,交通服务
53,市公安局,道路管理信息,本市道路禁止通行、限制通行的管理措施、货物车辆管制路段等特殊道路信息 ,危险车辆管制道路、货物车辆管制路段等特殊道路位置信息,交通服务
54,市公安局,摄像头（电子警察）,本市电子警察设置地点等相关信息,摄像头具体位置,交通服务
55,市公安局、市交通委员会,交通管理与服务机构,本市交通管理、交通执法、交通服务等机构的信息,机构名称、地址、机构类型、服务时间、服务内容/范围、联系电话等,交通服务
56,市民政局,殡葬服务机构,本市殡葬服务机构（包括殡仪馆、骨灰堂、殡葬服务代理机构、公墓、海葬服务机构等）的相关信息,机构名称、所属区县、地址、联系电话、工作时间等,公共服务
57,市民政局,慈善服务机构,本市慈善服务机构（包括慈善超市、经常性社会捐助接收点、慈善救助服务社）的相关信息,机构名称、所属区县、地址、联系电话、工作时间等,公共服务
58,市民政局,婚姻服务机构,本市婚姻服务机构（包括婚姻登记、收养登记）的相关信息,机构名称、所属区县、地址、联系电话、工作时间等,公共服务
59,市民政局,救助服务机构,本市救助服务机构的相关信息,机构名称、所属区县、地址、联系电话、工作时间等,公共服务
60,市民政局,社区服务机构,本市社区服务机构（包括居委活动室、事务受理点、社区卫生服务中心、社区生活服务中心）的相关信息,机构名称、所属区县、地址、联系电话、工作时间等,公共服务
61,市民政局,养老服务机构,本市养老服务机构（包括居家养老、机构养老、社区老年人助餐服务点、老年人日间服务中心等）的相关信息,机构名称、所属区县、地址、联系电话、工作时间、床位数等,公共服务
62,市民政局、市社会团体管理局,市基金会,本市基金会的相关信息,基金会名称、主管部门、组织代码证、有效期、地址、类型、服务时间、经营范围、联系电话等,公共服务
63,市司法局,法律援助机构,本市法律援助机构的相关信息,机构名称、地址、联系电话、服务时间、附近交通等,法律服务
64,市司法局,公证机构,本市公证机构的相关信息,机构名称、地址、联系电话、服务时间、附近交通、公证员等,法律服务
65,市司法局,基层法律服务所,本市基层法律服务所的相关信息,服务所名称、地址、联系电话、服务时间、附近交通等,法律服务
66,市司法局,街道乡镇司法所,本市街道乡镇司法所的相关信息,司法所名称、地址、联系电话、服务时间、附近交通等,法律服务
67,市司法局,律师事务所,本市律师事务所的相关信息,事务所名称、地址、执业许可证号、联系电话、所属区县、批准时间、派驻律师、执业律师等,法律服务
68,市司法局,社区矫正工作站,本市社区矫正工作站的相关信息,工作站名称、地址、联系电话、服务时间、附近交通等,法律服务
69,市司法局,司法鉴定机构,本市司法鉴定机构的相关信息,机构名称、地址、联系电话、服务时间、附近交通等,法律服务
70,市人力资源和社会保障局,开业指导服务中心,本市开业指导服务中心的相关信息,中心名称、地址、联系电话、服务时间、附近交通等,公共服务
71,市人力资源和社会保障局,人才服务中心,本市人才服务中心的相关信息,中心名称、地址、联系电话、服务时间、附近交通等,公共服务
72,市人力资源和社会保障局,社保服务（分）中心,本市社保服务中心各分中心的相关信息,分中心名称、地址、联系电话、服务时间、附近交通等,公共服务
73,市人力资源和社会保障局,职业介绍中心,本市职业介绍中心的相关信息,中心名称、地址、联系电话、服务时间、附近交通等,公共服务
74,市人力资源和社会保障局,养老金发放银行网点,本市养老金发放银行网点的相关信息,网点名称、地址、联系电话、服务时间、附近交通等,金融服务
75,市人力资源和社会保障局,医保定点药房,本市医保定点药房的相关信息,药房名称、地址、联系电话、服务时间、附近交通等,卫生健康
76,市人力资源和社会保障局,医保定点医院,本市医保定点医院的相关信息,医院名称、地址、联系电话、服务时间、附近交通等,卫生健康
77,市人力资源和社会保障局,医保中心,本市医保中心的相关信息,中心名称、地址、联系电话、服务时间、附近交通等,卫生健康
78,市城乡建设和管理委员会,建筑建材类企业资质,本市建筑建材类企业资质的相关信息,企业基本信息、资质信息、安全生产许可证等,公共服务
79,市城乡建设和管理委员会,建设项目信息,本市建设项目的相关信息,项目名称、报建编号、建设单位、建设地点、总投资、建筑面积、项目分类、许可证号等,政府服务
80,市交通委员会,公路实时交通信息,本市公路实时交通的相关信息,实时交通状况、公路阻断信息、可变信息标志等,交通服务
81,市交通委员会,掘路占路信息,本市城市道路挖掘情况,路名、挖掘路段、开工时间、完工时间等,交通服务
82,市交通委员会,快速路封路信息,本市城市快速路封路的相关信息,封路时间、封路路段、所属快速路、方向等,交通服务
83,市交通委员会,快速路实时交通信息,本市城市快速路实时交通的相关信息,道路实时路况、道路交通时间、道路施工信息、交通封道管制、入口匝道控制、可变信息标志等,交通服务
84,市交通委员会,机动车维修企业,本市一、二类机动车维修企业的相关信息,企业名称、经营地址、经营范围、联系电话等,公共服务
85,市交通委员会,车辆统计信息,本市各类车辆统计数量、公交车、出租车数量信息,车辆类别、数量等,交通服务
86,市交通委员会,公交停靠站信息,本市公交停靠站信息,定班车到站时间、具体线路首末班车时间,交通服务
87,市交通委员会,停车场静态信息,本市停车场静态信息,收费标准、营业时间、联系电话、车位数、车场类型、出入口位置等,交通服务
88,市交通委员会,交通规划信息,本市交通规划信息,道路、公交、地铁规划信息等,政府服务
89,市交通委员会、市公安局,停车场（库、位）,本市公共停车场、停车库、路侧停车位的相关信息,许可证号（备案证号）、地址（路段）、收费标准、时间、电话等,交通服务
90,市环境保护局,环境保护管理与服务机构,本市环境保护管理与服务机构的信息,机构名称、地址、机构类型、服务时间、服务内容、联系电话等,能源与环境
91,市环境保护局,环评单位,本市环境影响评价单位的相关信息,单位名称、证书编号、地址、联系电话、评价范围等,能源与环境
92,市环境保护局,空气质量信息,本市空气质量的相关信息,评价时段、监测点位名称及位置、各监测项目的浓度、空气质量分指数、空气质量指数、首要污染物、空气质量级别等,能源与环境
93,市规划和国土资源管理局,优秀历史建筑,本市优秀历史建筑的相关信息,原名、现名、地址、交通、照片等,公共服务
94,市规划和国土资源管理局,土地出让交易信息,本市土地交易的各类信息,土地出让公告、出让结果公告；交易地块及历史交易信息，包括：地块名称、范围、出让面积、规划用途、容积率、出让年限、现状条件；竞得人、竞得日期、竞得价等,经济发展
95,市文化广播影视管理局,文化场馆,本市文化场馆（包括图书馆、文化馆、社区文化活动中心等）的相关信息,场馆名称、地址、联系电话、开放时间、收费标准等,文化娱乐
96,市文化广播影视管理局,文化广播影视管理与服务机构,本市文化广播影视管理与服务机构的信息,机构名称、地址、机构类型、服务时间、服务内容/范围、联系电话等,文化娱乐
97,市文化广播影视管理局,文化娱乐场所,本市文化娱乐场所（包括剧场、电影院、网吧、舞厅、文化游乐场等）的相关信息,场所名称、地址、联系电话、开放时间、收费标准等,文化娱乐
98,市文化广播影视管理局,美术馆、展览馆,本市美术馆、博物馆等相关信息,场馆名称、地址、联系电话、开放时间、收费标准等,文化娱乐
99,市文化广播影视管理局、市经济和信息化委员会,文化创意产业园区,本市文化创意产业园区的相关信息,园区名称、地址、面积、联系电话、相关介绍、图片等,经济发展
100,市卫生和计划生育委员会,公共卫生机构,本市公共卫生机构（包括病媒生物防治、牙病防治、眼病防治、疾病预防控制、放射卫生技术服务、职业病健康检查、职业病诊断等）的相关信息,机构名称、地址、服务时间、电话、服务内容及范围、所属区县等,卫生健康
101,市卫生和计划生育委员会,计生服务机构,本市计生服务机构（包括计生事务受理机构、人口计生综合服务站、0-3岁婴幼科育指导服务站、计划生育药具免费发放点）的相关信息,机构名称、地址、所属行政区划、电话、服务时间等,卫生健康
102,市卫生和计划生育委员会,现制现售水信息,本市现制现售水的相关信息,自动售水机地址、经营单位、所属区县、自动售水机名称、电话、卫生许可证、卫生检查结果等,卫生健康
103,市卫生和计划生育委员会,医疗机构,本市医疗机构（包括三级医院、二级医院、妇幼保健院、社区卫生服务中心、急救站、体检医疗机构、血液中心/采血站（点）等）的相关信息,机构名称、地址、服务时间、科室、床位、特色、专家、电话等,卫生健康
104,市卫生和计划生育委员会,医院床位信息,本市3级以上医院床位空余信息,医院名称、床位类别、空余数量等,卫生健康
105,市卫生和计划生育委员会,医院专家门诊信息,本市3级医院专家的门急诊信息,医院名称、医生名、医生级别、门诊科室、时间等,卫生健康
106,市卫生和计划生育委员会,候诊人数信息,本市三级以上医院候诊人员汇总信息,医院名称、地址、日期、时间、挂号总人数、候诊人数,卫生健康
107,市卫生和计划生育委员会、市食品药品监督管理局,医疗、保健、计生管理机构,本市医疗、保健、计生管理机构的信息,机构名称、地址、机构类型、服务时间、服务内容、范围、联系电话等,卫生健康
108,市工商行政管理局,工商不良记录,本市工商处罚信息,当事人名称、主要违法事实、法律依据、处罚结果,经济发展
109,市工商行政管理局,工商局相关机构,本市工商局、区局、直属单位等机构的相关信息,机构名称、地址、机构类型、服务时间、服务内容、范围、联系电话等,经济发展
110,市工商行政管理局,企业工商信息,本市企业在工商局登记的基本信息,企业名称、注册号、注册资本、住所、法定代表人、经营范围、成立日期等,经济发展
111,市工商行政管理局,企业股东信息,本市企业股东信息(目前只有吊销企业公布),企业股东信息,经济发展
112,市工商行政管理局,企业注册登记统计,本市企业注册登记信息,分别按内资企业（不含私营企业）、外商投资企业、私营企业、个体工商户、农民专业合作社统计：新设企业户数、新设注册资本、累计企业户数、累计注册资本,经济发展
113,市质量技术监督局,产品质量监管违禁信息,监管机构有关特种设备等违禁或不合格信息,"公开的项目涉及产品质量监督抽查结果,包括产品名称、商标、规格型号、生产日期/批次、生产企业、不合格项目",公共安全
114,市质量技术监督局,国家级产品质量监督检验中心 ,本市范围内具有国家级产品质量监督检验中心信息,机构名称、地址、联系电话、工作范围、工作时间等,公共服务
115,市质量技术监督局,检测检验机构,本市检测检验机构的信息,机构名称、地址、联系电话、工作范围等,公共服务
116,市质量技术监督局,质监局机构,本市质监局、区局、直属单位等机构的相关信息,机构名称、地址、联系电话、工作时间等,公共服务
117,市质量技术监督局,许可经营企业信息,质监局许可的企业资格信息,许可证上所列各项信息,公共服务
118,市质量技术监督局,许可执业人员资格查询,质监局许可的执业资格，比如特种设备操作人员、计量检定员、质量检验师等信息,许可的执业资格上所列的各项信息（不包括身份证号码）,公共服务
119,市统计局,行业数据,本市各重点行业的统计信息,本市各重点行业的统计数据,经济发展
120,市统计局,宏观数据,本市的各类重要宏观数据,GDP、社会消费品零售总额、进出口额、城镇固定资产投资、CPI、PPI等,经济发展
121,市统计局,统计机构,本市统计局、统计调查机构信息,机构名称、地址、联系电话、工作时间等,经济发展
122,市统计局,企业统计信息,本市企业登记的各类统计信息,企业区县分布情况、行业分布情况、注册资金分布情况等,经济发展
123,市统计局,当前就业数据,本市就业情况,区域、产业类别，就业数量、失业比例等,经济发展
124,市统计局,历史就业情况,本市从有记录以后的就业情况,年度、产业分类、就业比例等,经济发展
125,市统计局、市公安局,人群统计信息,本市各类人群统计的相关信息,人口密度情况、人口分布情况、外来人口分布情况、人员年龄分布、学历分布、职业分布情况等,公共服务
126,市新闻出版局,印刷企业信息,本市印刷企业信息,企业名称、注册地址、法定代表人、企业负责人、电话、经营方式、经营范围、企业性质、许可证号、许可证有效期等,经济发展
127,市新闻出版局,报纸基本信息,本市注册报纸基本信息,报纸中文名、国内刊号、刊期、主办单位,文化娱乐
128,市新闻出版局,互联网出版单位信息,本市备案的互联网出版单位信息,单位名称、出版物名称、出版时间、内容简介等,文化娱乐
129,市新闻出版局,版权示范单位和示范园区,本市版权示范单位和示范园区信息,企业名称、注册地址、法定代表人、企业负责人、电话、经营方式、经营范围、企业性质等,文化娱乐
130,市新闻出版局,连续性内部资料,本市连续性内部资料信息,资料名称、准印证号、主办单位、邮编、电话、地址等,文化娱乐
131,市新闻出版局,新闻出版机构,本市新闻出版局、直属单位、新闻出版机构信息,机构名称、地址、联系电话、工作时间等,文化娱乐
132,市新闻出版局,新闻出版相关职业资格登记人员,本市编辑、出版专业技术人员职业资格登记人员信息,姓名、性别、资格证号、工作单位、类别等,文化娱乐
133,市新闻出版局,新闻记者,新闻记者基本信息,姓名、性别、资格证号、工作单位、类别等,文化娱乐
134,市新闻出版局,注册期刊,本市注册期刊基本信息,刊名、国内刊号、刊期、主办单位等,文化娱乐
135,市体育局,健身场所,本市公共健身场所等相关信息,场所名称、地址、联系电话、服务范围、工作时间、费用等,文化娱乐
136,市体育局,赛事信息,本市赛事信息等,场所名称、地址、联系电话、类别、时间表、门票费用等,文化娱乐
137,市体育局,体育场馆,本市体育场馆、高尔夫等场馆、游泳馆的相关信息,场馆名称、地址、联系电话、运动设施设备、相关介绍、图片、周边交通等,文化娱乐
138,市体育局,体育机构,本市体育局、直属单位、运动管理中心、社团、体校等相关信息,机构名称、地址、联系电话、工作时间等,文化娱乐
139,市体育局、市教育委员会,体育设施对外开放学校,本市体育设施对外开放学校的相关信息,学校名称、地址、开放时间、联系电话、开放场所/区域等,文化娱乐
140,市旅游局,A级景点,本市A级景点的相关信息,名称、地址、级别、电话、交通、特色、图片等,文化娱乐
141,市旅游局,热门景点人流信息,本市A级以上景点人流信息,景点名称、地址、日期、时间、进景区总人数、出景区人数,文化娱乐
142,市旅游局,导游、出境游领队信息,本市导游、出境游领队基本信息,姓名、性别、资格证号、工作单位、类别等,文化娱乐
143,市旅游局,旅行社,本市旅游服务机构（包括有出境权旅行社、无出境权旅行社、外资旅行社等）的相关信息,名称、许可证号、地址、电话、星级等,文化娱乐
144,市旅游局,旅游服务机构,本市旅游局、区局、直属单位、旅游服务机构（包括旅游咨询中心、旅游集散中心等）的相关信息,名称、地址、电话、交通等,文化娱乐
145,市旅游局,旅游名牌产品,本市旅游名牌产品信息,企业名称、商标、产品、咨询电话、服务时间等,文化娱乐
146,市旅游局,星级饭店,本市登记注册的星级饭店的相关信息,名称、地址、星级、电话、所属区县等,文化娱乐
147,市绿化和市容管理局,公共厕所,本市公共厕所信息,名称、地址,能源与环境
148,市绿化和市容管理局,公园绿地,本市公园绿地的相关信息,名称、地址、地区、开放时间、门票价格、交通、介绍,能源与环境
149,市绿化和市容管理局,古树名木,本市古树名木的相关信息,名称、学名、树龄、地址、树高、树围,能源与环境
150,市绿化和市容管理局,绿化市容管理与服务机构,本市绿化市容管理与服务机构信息,机构名称、地址、联系方式、邮编,能源与环境
151,市绿化和市容管理局,车辆清洗点,本市车辆清洗点的相关信息,名称、地址、所属区县,能源与环境
152,市绿化和市容管理局,湿地,本市重要湿地的相关信息,湿地名称、面积、所属区县,能源与环境
153,市绿化和市容管理局,野生动植物重要栖息地,本市野生动植物重要栖息地的相关信息,名称、级别、主要保护对象、保护/规划面积、行政区域、建立规划时间,能源与环境
154,市绿化和市容管理局,自然保护区,本市自然保护区的相关信息,名称、级别、主要保护对象、保护/规划面积、行政区域、建立规划时间,能源与环境
155,市绿化和市容管理局,信得过果园,本市信得过果园的相关信息,名称、果树类型、产品及成熟期、产品认证、区县、地址、电话、介绍,能源与环境
156,市住房保障和房屋管理局,具有房屋相关资质的企业信息,本市房地产开发企业、房地产经纪企业、拆迁资质单位、物业管理企业等,企业名称、地址、电话、资质证书编号、资质等级、资质证书发证日期、资质证书有效期等,公共服务
157,市住房保障和房屋管理局,住房管理与服务机构,本市住房主管机构、房屋维修、房屋检测等,机构名称、地址、联系电话、服务时间等,公共服务
158,市住房保障和房屋管理局,二手房挂牌数据,本市二手房挂牌数据,住宅出售套数、出售面积，普通住宅出售套数、出售面积,经济发展
159,市住房保障和房屋管理局,房产数据,本市房产数据,每日、每月的分区域一手房成交、可售数据的历史数据；每日、每月的分区域二手房成交数据；一手房、二手房分区域套均总价,经济发展
160,市住房保障和房屋管理局,经适房房源,本市经适房房源信息,房源地址、房型图、GIS显示位置、大小、样板图等,经济发展
161,市住房保障和房屋管理局,一手房即时信息,本市一手房即时信息,今日成交套数、成交面积，普通住宅成交套数、成交面积，普通住宅可售套数、可售面积,经济发展
162,市住房保障和房屋管理局,最新上市楼盘信息,本市最新上市楼盘信息,项目名称、项目地址、许可证号、用途、上网开通日期,经济发展
163,市住房保障和房屋管理局,保障房工程项目信息,本市经适房、廉租房等保障房的相关信息,项目名称、项目地址、项目类型、总建筑面积、住宅建筑面积、住宅总套数、开发单位、设计单位、监理单位、施工单位等,政府服务
164,市安全生产监督管理局,安全生产专业服务机构,本市安全生产服务机构（包括社会组织）的信息,机构名称、地址、机构类型、服务内容、范围、联系电话等,公共安全
165,市安全生产监督管理局,生产安全（工矿商贸）死亡事故信息,本市发生的生产安全（工矿商贸）死亡事故信息,事故发生地、危害（死伤人数、经济损失）、事故原因、事故单位、采取措施、处罚等,公共安全
166,市安全生产监督管理局,危险化学品信息,在本市安全生产监督管理活动中形成的具有危险性的化学物品信息,危险化学物品种类、名称、危害、违禁措施等,公共安全
167,市安全生产监督管理局,安全生产相关许可证信息,本市拥有许可证的企业或个人,名称、许可内容、许可证号、许可证有效期,公共安全
168,市民防办公室,地下空间信息,本市民防地下空间信息,地址、所属区县，类别等,公共安全
169,市民防办公室,民防机构,本市民防服务机构、协会等的信息,机构名称、地址、机构类型、服务时间、服务内容/范围、联系电话等,公共安全
170,市民防办公室,灾情信息,发生的灾难信息,事故发生地、危害（死伤人数、经济损失）、事故原因、事故单位、采取措施、处罚等,公共安全
171,市金融服务办公室,ATM信息,本市ATM机分布信息,地址、类别、所属银行、服务时间等,金融服务
172,市金融服务办公室,金融服务机构,本市金融服务机构（包括证监、银行分行）的信息,机构名称、地址、机构类型、服务时间、服务内容、范围、联系电话等,金融服务
173,市食品药品监督管理局,保健食品、药品、医疗器械信息,本市生产或销售的保健食品、医疗器械、药品、药用辅料、医院制剂配制产品的相关信息,产品名称、产品类别、生产企业、生产企业地址、批准文号、批件状态、批准日期、批件有效期、卫产许可证号、产品名称备注等,卫生健康
174,市食品药品监督管理局,食品、保健食品、药品、化妆品、医疗器械、食药品包装材料等生产经营者药品经营企业行政处罚信息,对本市食品、保健食品、药品、化妆品、医疗器械、食药品包装材料等生产经营者的处罚信息,经营者名称、类别、地址、责任人、处罚情况、许可证号、检查日期等,卫生健康
175,市食品药品监督管理局,食品、保健食品、药品、化妆品、医疗器械、食药品包装材料等生产经营者药品经营企业行政检查信息,对本市食品、保健食品、药品、化妆品、医疗器械、食药品包装材料等生产经营者的检查信息,经营者名称、类别、地址、责任人、检查情况、许可证号、检查日期等,卫生健康
176,市食品药品监督管理局,食品、保健食品、药品、化妆品、医疗器械、食药品包装材料等重点监管名单,对本市食品药品严重违法企业与相关责任人员重点监管的信息,经营者名称、类别、地址、责任人、许可证号、处罚结果等,卫生健康
177,市食品药品监督管理局,食药监机构信息,本市食药监分局、直属单位、检验机构等机构的信息,机构名称、地址、机构类型、服务时间、服务内容/范围、联系电话等,卫生健康
178,市食品药品监督管理局,违法广告信息,本市食品、保健食品、药品、化妆品、医疗器械、食药品包装材料等生产经营的违法广告信息,广告名称、违法原因、播放时间等,卫生健康
179,市食品药品监督管理局,执业药师信息,备案的执业药师信息,姓名、性别、所在省份、资格证号、工作单位、类别、考试合格年度等,卫生健康
180,市食品药品监督管理局,餐饮服务单位许可信息,本市备案的餐饮单位信息,名称、许可证号、许可证有效期、地址、类型、服务时间、联系电话等,卫生健康
181,市食品药品监督管理局,食品、保健食品、药品、化妆品、医疗器械、食药品包装材料领域特许经营企业,本市食品、保健食品、药品、化妆品、医疗器械特许生产企业的相关信息,企业名称、所属区县、注册地址、法定代表人、企业负责人、电话、经营方式、经营范围、企业性质、许可证号、许可证有效期等,卫生健康
182,市食品药品监督管理局、市消防局、市卫生和计划生育委员会,餐饮服务单位经营信息,本市备案的餐饮单位经营信息,名称、地址、类型、服务质量（笑脸）、卫生质量、检查情况等,卫生健康
183,市社会团体管理局,行业协会,本市行业协会的相关信息,机构名称、地址、联系电话、类别、许可证号、主管部门、有效期限、年检情况等,公共服务
184,市社会团体管理局,民办养老机构,本市民办养老机构的相关信息,机构名称、地址、联系电话、类别、经营范围、有效期限、年检情况等,公共服务
185,市社会团体管理局,社会组织孵化基地,本市社会组织孵化基地的相关信息,机构名称、地址、服务时间、服务内容/范围、联系电话等,公共服务
186,市社会团体管理局,社区群众活动团队,本市社区群众活动团队的相关信息,名称、所属区县、管理部门、电话等,公共服务
187,市社会团体管理局,社团机构,本市社团局、区社团局、社会组织服务中心、直属单位等机构的相关信息,机构名称、地址、机构类型、服务时间、服务内容/范围、联系电话等,公共服务
188,市社会团体管理局,市民非企业,本市民非企业的相关信息,名称、组织代码证、有效期、地址、类型、服务时间、经营范围、联系电话等,经济发展
189,市社会团体管理局,民办医疗机构,本市医疗教育机构的相关信息,机构名称、地址、联系电话、类别、许可证号、主管部门、经营范围、有效期限、年检情况等,卫生健康
190,市社会团体管理局、市教育委员会,民办教育机构,本市民办教育机构的相关信息,机构名称、地址、联系电话、类别、有效期限、年检情况等法人登记证信息；机构举办者、校长、主管部门等办学许可证信息,教育科技